{
  "connections": [
    {
      "id": 0,
      "mentee": "/assets/i/user/user-17.jpg",
      "menteeName": "Clark Kent",
      "mentor": "/assets/i/user/user-large-1.png",
      "mentorName": "Lex Luthor",
      "name": "Learn Javascript",
      "type": "PROGRAMMING",
      "businessUnit": "Analytics",
      "date": "24 Jan 2018",
      "status": "pending",
      "isNew": false
    },
    {
      "id": 1,
      "mentee": "/assets/i/user/user-17.jpg",
      "menteeName": "Clark Kent",
      "mentor": "/assets/i/user/user-large-1.png",
      "mentorName": "Lex Luthor",
      "name": "Python Machine Learning",
      "type": "PROGRAMMING",
      "businessUnit": "Business Process",
      "date": "25 Jan 2018",
      "status": "closed",
      "isNew": false
    },
    {
      "id": 2,
      "mentee": "/assets/i/user/user-17.jpg",
      "menteeName": "Clark Kent",
      "mentor": "/assets/i/user/user-large-1.png",
      "mentorName": "Lex Luthor",
      "name": "Code in Swift",
      "type": "PROGRAMMING",
      "businessUnit": "Product Engineering",
      "date": "24 Jan 2018",
      "status": "active",
      "isNew": true
    },
    {
      "id": 3,
      "mentee": "/assets/i/user/user-17.jpg",
      "menteeName": "Clark Kent",
      "mentor": "/assets/i/user/user-large-1.png",
      "mentorName": "Lex Luthor",
      "name": "Learn ReactJS",
      "type": "PROGRAMMING",
      "businessUnit": "Analytics",
      "date": "24 Jan 2018",
      "status": "active",
      "isNew": false
    },
    {
      "id": 4,
      "mentee": "/assets/i/user/user-17.jpg",
      "menteeName": "Clark Kent",
      "mentor": "/assets/i/user/user-large-1.png",
      "mentorName": "Lex Luthor",
      "name": "Learn Javascript",
      "type": "PROGRAMMING",
      "businessUnit": "Analytics",
      "date": "24 Jan 2018",
      "status": "rejected",
      "isNew": false
    }
  ],
  "category": [
    {
      "name": "ALL CATEGORY"
    },
    {
      "name": "PROGRAMMING"
    },
    {
      "name": "COMMUNICATIONS"
    },
    {
      "name": "LANGUAGE"
    },
    {
      "name": "ACCOUNTING"
    }
  ],
  "subCategory": {
    "ALL CATEGORY": [
      {
        "name": "ALL LEARNING AREAS"
      },
      {
        "name": "Code in Swift"
      },
      {
        "name": "Learn ReactJS"
      },
      {
        "name": "Python Machine Learning"
      }
    ],
    "PROGRAMMING": [
      {
        "name": "ALL LEARNING AREAS"
      },
      {
        "name": "Code in Swift"
      },
      {
        "name": "Learn ReactJS"
      },
      {
        "name": "Python Machine Learning"
      }
    ],
    "COMMUNICATIONS": [
      {
        "name": "ALL LEARNING AREAS"
      },
      {
        "name": "Code in Swift"
      }
    ],
    "LANGUAGE": [
      {
        "name": "ALL LEARNING AREAS"
      },
      {
        "name": "Code in Swift"
      }
    ],
    "ACCOUNTING": [
      {
        "name": "ALL LEARNING AREAS"
      },
      {
        "name": "Code in Swift"
      }
    ]
  },
  "mentor": {
    "type": "mentor",
    "value": "120",
    "new": "15",
    "label": "Mentors"
  },
  "mentee": {
    "type": "mentee",
    "value": "250",
    "new": "48",
    "pending": "18",
    "label": "Mentees"
  },
  "menteeDropDown": [
    {
      "name": 5
    },
    {
      "name": 10
    },
    {
      "name": 15
    },
    {
      "name": 20
    },
    {
      "name": 25
    }
  ],
  "mentorDropDown": [
    {
      "name": 5
    },
    {
      "name": 10
    },
    {
      "name": 15
    },
    {
      "name": 20
    },
    {
      "name": 25
    }
  ]
}
