{
  "connections": [
    {
      "mentee": "/assets/i/user/user-17.jpg",
      "menteeName": "Clark Kent",
      "mentor": "/assets/i/user/user-large-1.png",
      "mentorName": "Lex Luthor",
      "name": "Learn Javascript",
      "type": "PROGRAMMING",
      "businessUnit": "Analytics",
      "date": "24 Jan 2018",
      "status": "pending",
      "isNew": false
    },
    {
      "mentee": "/assets/i/user/user-17.jpg",
      "menteeName": "Clark Kent",
      "mentor": "/assets/i/user/user-large-1.png",
      "mentorName": "Lex Luthor",
      "name": "Python Machine Learning",
      "type": "PROGRAMMING",
      "businessUnit": "Business Process",
      "date": "25 Jan 2018",
      "status": "closed",
      "isNew": false
    },
    {
      "mentee": "/assets/i/user/user-17.jpg",
      "menteeName": "Clark Kent",
      "mentor": "/assets/i/user/user-large-1.png",
      "mentorName": "Lex Luthor",
      "name": "Code in Swift",
      "type": "PROGRAMMING",
      "businessUnit": "Product Engineering",
      "date": "24 Jan 2018",
      "status": "active",
      "isNew": true
    },
    {
      "mentee": "/assets/i/user/user-17.jpg",
      "menteeName": "Clark Kent",
      "mentor": "/assets/i/user/user-large-1.png",
      "mentorName": "Lex Luthor",
      "name": "Learn ReactJS",
      "type": "PROGRAMMING",
      "businessUnit": "Analytics",
      "date": "24 Jan 2018",
      "status": "active",
      "isNew": false
    },
    {
      "mentee": "/assets/i/user/user-17.jpg",
      "menteeName": "Clark Kent",
      "mentor": "/assets/i/user/user-large-1.png",
      "mentorName": "Lex Luthor",
      "name": "Learn Javascript",
      "type": "PROGRAMMING",
      "businessUnit": "Analytics",
      "date": "24 Jan 2018",
      "status": "rejected",
      "isNew": false
    }
  ]
}
