{
  "frequency": [
    {
      "name": ""
    },
    {
      "name": "15 Days"
    },
    {
      "name": "25 Days"
    },
    {
      "name": "30 Days"
    }
  ],
  "categories": [
    {
      "name": ""
    },
    {
      "name": "Both mentors and mentees"
    },
    {
      "name": "Mentors"
    },
    {
      "name": "Mentees"
    }
  ],
  "mentorDomains": [
    {
      "name": "Mentors Domain"
    },
    {
      "name": "Information Technology"
    },
    {
      "name": "Mentors Domain 1"
    },
    {
      "name": "Mentors Domain 2"
    },
    {
      "name": "Mentors Domain 3"
    }
  ],
  "mentors": [
    {
      "image": "/assets/i/user/user-1.jpg",
      "name": "George Clooney",
      "title": "Senior Web Programmer",
      "checked": false
    },
    {
      "image": "/assets/i/user/user-2.jpg",
      "name": "Hela Hemingway",
      "title": "Senior Database Engineer",
      "checked": false
    },
    {
      "image": "/assets/i/user/user-3.jpg",
      "name": "Katniss Everdeen",
      "title": "Senior Web Designer",
      "checked": false
    },
    {
      "image": "/assets/i/user/user-4.jpg",
      "name": "Adam Smith",
      "title": "Senior Web Programmer",
      "checked": false
    },
    {
      "image": "/assets/i/user/user-5.jpg",
      "name": "Hamonangan Harahap",
      "title": "Senior Web Programmer",
      "checked": false
    },
    {
      "image": "/assets/i/user/user-6.jpg",
      "name": "Mahyadi Panggabean",
      "title": "Senior Database Engineer",
      "checked": false
    }
  ]
}
