{
  "type": "Programming",
  "name": "Learn Javascript",
  "duration": "25 Days",
  "mailsFrequency": "10 Days",
  "feedbackFrequency": "15 Days",
  "feedbackForms": "",
  "feedbackFormsName": "Feedback Template 1",
  "remindersMail": "",
  "remindersMailName": "Remainder Template 1",
  "mentor": {
    "type": "mentor",
    "value": "54",
    "pending": "7",
    "label": "Mentors"
  },
  "mentee": {
    "type": "mentee",
    "value": "150",
    "new": "29",
    "label": "Mentees"
  },
  "mentors": [
    "Chadwick Boseman",
    "Charlotte B.",
    "Sunita Daz",
    "Shyam Kannan",
    "Marc Marquez"
  ],
  "mentees": [
    "Lex Luthor",
    "Maggie Chou",
    "Dareeen Marc",
    "Jack Daniels",
    "Amitahb bachan",
    "Hritik Roshan"
  ],
  "pending": [
    "Lex Luthor",
    "Maggie Chou",
    "Dareeen Marc"
  ],
  "users": [
    {
      "id": 1,
      "image": "/assets/i/user/user-2.jpg",
      "name": "George Clooney",
      "field": "Senior Web Programmer"
    },
    {
      "id": 2,
      "image": "/assets/i/user/user-3.jpg",
      "name": "Hela Hemingway",
      "field": "Senior Database Engineer"
    },
    {
      "id": 3,
      "image": "/assets/i/user/user-4.jpg",
      "name": "Katniss Everdeen",
      "field": "Senior Web Designer"
    },
    {
      "id": 4,
      "image": "/assets/i/user/user-5.jpg",
      "name": "Adam Smith",
      "field": "Senior Web Programmer"
    },
    {
      "id": 5,
      "image": "/assets/i/user/user-6.jpg",
      "name": "Hamonangan Harahap",
      "field": "Senior Web Programmer"
    },
    {
      "id": 6,
      "image": "/assets/i/user/user-6.jpg",
      "name": "Ben Kingsley",
      "field": "Senior Web Developer"
    }
  ],
  "menteeUsers": [
    {
      "id": 1,
      "image": "/assets/i/user/user-2.jpg",
      "name": "George Clooney",
      "field": "Senior Web Programmer"
    },
    {
      "id": 2,
      "image": "/assets/i/user/user-3.jpg",
      "name": "Hela Hemingway",
      "field": "Senior Database Engineer"
    },
    {
      "id": 3,
      "image": "/assets/i/user/user-4.jpg",
      "name": "Katniss Everdeen",
      "field": "Senior Web Designer"
    },
    {
      "id": 4,
      "image": "/assets/i/user/user-5.jpg",
      "name": "Adam Smith",
      "field": "Senior Web Programmer"
    },
    {
      "id": 5,
      "image": "/assets/i/user/user-6.jpg",
      "name": "Hamonangan Harahap",
      "field": "Senior Web Programmer"
    },
    {
      "id": 6,
      "image": "/assets/i/user/user-6.jpg",
      "name": "Ben Kingsley",
      "field": "Senior Web Developer"
    }
  ],
  "frequency": [
    {
      "name": "Today"
    },
    {
      "name": "10 Days"
    },
    {
      "name": "15 Days"
    },
    {
      "name": "25 Days"
    },
    {
      "name": "30 Days"
    }
  ]
}
