{
  "count": 30,
  "rows": [
    {
      "type": "Programming",
      "title": "Learn Javascript",
      "mentor": 54,
      "mentee": 150,
      "connection": 232,
      "duration": 25,
      "remainder": 10,
      "feedback": 5,
      "pending": "-",
      "new": "-"
    },
    {
      "type": "Programming",
      "title": "Data Science",
      "mentor": 34,
      "mentee": 121,
      "connection": 172,
      "duration": 25,
      "remainder": 10,
      "feedback": 5,
      "pending": "3",
      "new": "5"
    },
    {
      "type": "communications",
      "title": "Public Speaking",
      "mentor": 54,
      "mentee": 198,
      "connection": 87,
      "duration": 25,
      "remainder": 10,
      "feedback": 5
    },
    {
      "type": "Language",
      "title": "Arabic",
      "mentor": 44,
      "mentee": 67,
      "connection": 52,
      "duration": 25,
      "remainder": 10,
      "feedback": 5
    },
    {
      "type": "Accounting",
      "title": "Microsoft Dynamic",
      "mentor": 46,
      "mentee": 175,
      "connection": 201,
      "duration": 25,
      "remainder": 10,
      "feedback": 5
    },
    {
      "type": "Programming",
      "title": "Data Science",
      "mentor": 34,
      "mentee": 121,
      "connection": 172,
      "duration": 25,
      "remainder": 10,
      "feedback": 5
    },
    {
      "type": "communications",
      "title": "Public Speaking",
      "mentor": 54,
      "mentee": 198,
      "connection": 87,
      "duration": 25,
      "remainder": 10,
      "feedback": 5
    },
    {
      "type": "Language",
      "title": "Arabic",
      "mentor": 44,
      "mentee": 67,
      "connection": 52,
      "duration": 25,
      "remainder": 10,
      "feedback": 5
    },
    {
      "type": "Accounting",
      "title": "Microsoft Dynamic",
      "mentor": 46,
      "mentee": 175,
      "connection": 201,
      "duration": 25,
      "remainder": 10,
      "feedback": 5
    },
    {
      "type": "Programming",
      "title": "Data Science",
      "mentor": 34,
      "mentee": 121,
      "connection": 172,
      "duration": 25,
      "remainder": 10,
      "feedback": 5
    },
    {
      "type": "communications",
      "title": "Public Speaking",
      "mentor": 54,
      "mentee": 198,
      "connection": 87,
      "duration": 25,
      "remainder": 10,
      "feedback": 5
    },
    {
      "type": "Language",
      "title": "Arabic",
      "mentor": 44,
      "mentee": 67,
      "connection": 52,
      "duration": 25,
      "remainder": 10,
      "feedback": 5
    }
  ],
  "learnings": [
    {
      "open": false,
      "name": "Spring Framework",
      "type": "Programming"
    },
    {
      "open": false,
      "name": "Adobe XD",
      "type": "WEB DESIGN"
    },
    {
      "open": false,
      "name": "IBM DB2",
      "type": "DATABASE"
    }
  ],
  "rejectedRequests": [
    {
      "name": "Tableau Analytics",
      "type": "Data Science"
    },
    {
      "name": "Bahasa",
      "type": "Language"
    }
  ],
  "filters": [
    {
      "id": 0,
      "name": "Category"
    },
    {
      "id": 1,
      "name": "Accounting"
    },
    {
      "id": 2,
      "name": "Database"
    },
    {
      "id": 3,
      "name": "Language"
    },
    {
      "id": 4,
      "name": "Marketing"
    },
    {
      "id": 5,
      "name": "Programming"
    },
    {
      "id": 6,
      "name": "Communications"
    },
    {
      "id": 7,
      "name": "Loren Category 1"
    },
    {
      "id": 8,
      "name": "Loren Category 2"
    },
    {
      "id": 9,
      "name": "Loren Category 3"
    }
  ],
  "mentorsDropDown": [
    {
      "name": "Both mentors and mentees"
    },
    {
      "name": "Mentors"
    },
    {
      "name": "Mentees"
    }
  ],
  "categoryDropDown": [
    {
      "name": "Category"
    },
    {
      "name": "Category 1"
    },
    {
      "name": "Category 2"
    }
  ],
  "learningDropDown": [
    {
      "name": "Learning Areas"
    },
    {
      "name": "Learning Areas 1"
    },
    {
      "name": "Learning Areas 2"
    }
  ]
}
