{
  "topMentors": [
    {
      "name": "Lex Luthor",
      "type": "Information Technology",
      "star": 100,
      "mentee": 231
    },
    {
      "name": "Ezra Miller",
      "type": "Information Technology",
      "star": 100,
      "mentee": 168
    },
    {
      "name": "Gal Gadot",
      "type": "Digital Marketing",
      "star": 100,
      "mentee": 142
    },
    {
      "name": "Andrew Garfield",
      "type": "Architecture",
      "star": 100,
      "mentee": 129
    },
    {
      "name": "Charlize Theron",
      "type": "Human Resources",
      "star": 90,
      "mentee": 125
    }
  ],
  "activeRequests": [
    {
      "id": 1209,
      "name": "Hurley Eaton",
      "domain": "Information Technology",
      "connections": 243,
      "mentees": 287
    },
    {
      "id": 1210,
      "name": "Cabrera Lucas",
      "domain": "Information Technology",
      "connections": 277,
      "mentees": 280
    },
    {
      "id": 1211,
      "name": "Martha Hawkins",
      "domain": "Information Technology",
      "connections": 250,
      "mentees": 296
    },
    {
      "id": 1212,
      "name": "Kemp Pitts",
      "domain": "Information Technology",
      "connections": 255,
      "mentees": 293
    },
    {
      "id": 1213,
      "name": "Hatfield Keith",
      "domain": "Information Technology",
      "connections": 239,
      "mentees": 292
    },
    {
      "id": 1214,
      "name": "Noreen Estrada",
      "domain": "Information Technology",
      "connections": 288,
      "mentees": 200
    },
    {
      "id": 1215,
      "name": "Gloria Gilbert",
      "domain": "Information Technology",
      "connections": 213,
      "mentees": 218
    },
    {
      "id": 1216,
      "name": "Carlson Gordon",
      "domain": "Information Technology",
      "connections": 265,
      "mentees": 273
    },
    {
      "id": 1217,
      "name": "Ilene Horn",
      "domain": "Information Technology",
      "connections": 286,
      "mentees": 285
    },
    {
      "id": 1218,
      "name": "Katina Walton",
      "domain": "Information Technology",
      "connections": 219,
      "mentees": 271
    },
    {
      "id": 1219,
      "name": "Hoover Wilkins",
      "domain": "Information Technology",
      "connections": 264,
      "mentees": 248
    },
    {
      "id": 1220,
      "name": "Willie Stanley",
      "domain": "Information Technology",
      "connections": 288,
      "mentees": 237
    },
    {
      "id": 1221,
      "name": "Kathy Camacho",
      "domain": "Information Technology",
      "connections": 262,
      "mentees": 272
    },
    {
      "id": 1222,
      "name": "Karla Blevins",
      "domain": "Information Technology",
      "connections": 206,
      "mentees": 202
    },
    {
      "id": 1223,
      "name": "Lowery Vang",
      "domain": "Information Technology",
      "connections": 294,
      "mentees": 281
    },
    {
      "id": 1224,
      "name": "Kaye Mcclure",
      "domain": "Information Technology",
      "connections": 215,
      "mentees": 271
    },
    {
      "id": 1225,
      "name": "Marisa Terrell",
      "domain": "Information Technology",
      "connections": 273,
      "mentees": 269
    },
    {
      "id": 1226,
      "name": "Antoinette Harding",
      "domain": "Information Technology",
      "connections": 242,
      "mentees": 209
    },
    {
      "id": 1227,
      "name": "Celeste Harris",
      "domain": "Information Technology",
      "connections": 277,
      "mentees": 267
    },
    {
      "id": 1228,
      "name": "Howe Mcmillan",
      "domain": "Information Technology",
      "connections": 285,
      "mentees": 282
    },
    {
      "id": 1229,
      "name": "Letitia Nielsen",
      "domain": "Information Technology",
      "connections": 219,
      "mentees": 204
    },
    {
      "id": 1230,
      "name": "Myrtle Mcmahon",
      "domain": "Information Technology",
      "connections": 213,
      "mentees": 281
    },
    {
      "id": 1231,
      "name": "Briana Waller",
      "domain": "Information Technology",
      "connections": 296,
      "mentees": 267
    },
    {
      "id": 1232,
      "name": "Ruthie Rocha",
      "domain": "Information Technology",
      "connections": 294,
      "mentees": 242
    },
    {
      "id": 1233,
      "name": "Craig Patterson",
      "domain": "Information Technology",
      "connections": 232,
      "mentees": 284
    },
    {
      "id": 1234,
      "name": "Jewell Sloan",
      "domain": "Information Technology",
      "connections": 247,
      "mentees": 293
    },
    {
      "id": 1235,
      "name": "Santos Mason",
      "domain": "Information Technology",
      "connections": 286,
      "mentees": 299
    },
    {
      "id": 1236,
      "name": "Lilian Weeks",
      "domain": "Information Technology",
      "connections": 276,
      "mentees": 254
    },
    {
      "id": 1237,
      "name": "Natalia Salinas",
      "domain": "Information Technology",
      "connections": 267,
      "mentees": 241
    },
    {
      "id": 1238,
      "name": "Williams Vaughan",
      "domain": "Information Technology",
      "connections": 262,
      "mentees": 209
    },
    {
      "id": 1239,
      "name": "Greer Mcdonald",
      "domain": "Information Technology",
      "connections": 278,
      "mentees": 205
    },
    {
      "id": 1240,
      "name": "Aguirre Frederick",
      "domain": "Information Technology",
      "connections": 296,
      "mentees": 218
    },
    {
      "id": 1241,
      "name": "Hess Horton",
      "domain": "Information Technology",
      "connections": 247,
      "mentees": 276
    },
    {
      "id": 1242,
      "name": "Rosales Pope",
      "domain": "Information Technology",
      "connections": 244,
      "mentees": 283
    },
    {
      "id": 1243,
      "name": "Krista Brewer",
      "domain": "Information Technology",
      "connections": 285,
      "mentees": 252
    },
    {
      "id": 1244,
      "name": "Marsh Cooley",
      "domain": "Information Technology",
      "connections": 230,
      "mentees": 249
    },
    {
      "id": 1245,
      "name": "Tricia Gilmore",
      "domain": "Information Technology",
      "connections": 264,
      "mentees": 220
    },
    {
      "id": 1246,
      "name": "Noble Alvarez",
      "domain": "Information Technology",
      "connections": 232,
      "mentees": 267
    },
    {
      "id": 1247,
      "name": "Janis Edwards",
      "domain": "Information Technology",
      "connections": 213,
      "mentees": 247
    },
    {
      "id": 1248,
      "name": "Mejia Frost",
      "domain": "Information Technology",
      "connections": 236,
      "mentees": 232
    },
    {
      "id": 1249,
      "name": "Irwin Lloyd",
      "domain": "Information Technology",
      "connections": 215,
      "mentees": 293
    },
    {
      "id": 1250,
      "name": "Beck Cleveland",
      "domain": "Information Technology",
      "connections": 278,
      "mentees": 211
    },
    {
      "id": 1251,
      "name": "Brock Mullen",
      "domain": "Information Technology",
      "connections": 287,
      "mentees": 238
    },
    {
      "id": 1252,
      "name": "Leblanc Garrett",
      "domain": "Information Technology",
      "connections": 227,
      "mentees": 280
    },
    {
      "id": 1253,
      "name": "Barnett Roth",
      "domain": "Information Technology",
      "connections": 283,
      "mentees": 202
    },
    {
      "id": 1254,
      "name": "Kenya Cash",
      "domain": "Information Technology",
      "connections": 285,
      "mentees": 264
    },
    {
      "id": 1255,
      "name": "Alana Battle",
      "domain": "Information Technology",
      "connections": 271,
      "mentees": 245
    },
    {
      "id": 1256,
      "name": "Inez Norman",
      "domain": "Information Technology",
      "connections": 210,
      "mentees": 278
    },
    {
      "id": 1257,
      "name": "Ashley Higgins",
      "domain": "Information Technology",
      "connections": 224,
      "mentees": 263
    },
    {
      "id": 1258,
      "name": "Heidi Glenn",
      "domain": "Information Technology",
      "connections": 260,
      "mentees": 225
    },
    {
      "id": 1259,
      "name": "Sophie Mcguire",
      "domain": "Information Technology",
      "connections": 222,
      "mentees": 278
    },
    {
      "id": 1260,
      "name": "Lillian Wong",
      "domain": "Information Technology",
      "connections": 219,
      "mentees": 262
    },
    {
      "id": 1261,
      "name": "Mckenzie Fuentes",
      "domain": "Information Technology",
      "connections": 294,
      "mentees": 200
    },
    {
      "id": 1262,
      "name": "Harrison Hancock",
      "domain": "Information Technology",
      "connections": 289,
      "mentees": 211
    },
    {
      "id": 1263,
      "name": "Merritt Huber",
      "domain": "Information Technology",
      "connections": 272,
      "mentees": 206
    },
    {
      "id": 1264,
      "name": "Powers Calhoun",
      "domain": "Information Technology",
      "connections": 293,
      "mentees": 230
    },
    {
      "id": 1265,
      "name": "Jarvis Torres",
      "domain": "Information Technology",
      "connections": 241,
      "mentees": 211
    },
    {
      "id": 1266,
      "name": "Silvia Ramos",
      "domain": "Information Technology",
      "connections": 298,
      "mentees": 260
    },
    {
      "id": 1267,
      "name": "Waller Morrow",
      "domain": "Information Technology",
      "connections": 209,
      "mentees": 282
    },
    {
      "id": 1268,
      "name": "Elvira Caldwell",
      "domain": "Information Technology",
      "connections": 235,
      "mentees": 247
    },
    {
      "id": 1269,
      "name": "Thornton Mcfadden",
      "domain": "Information Technology",
      "connections": 289,
      "mentees": 218
    },
    {
      "id": 1270,
      "name": "Mcfarland Curtis",
      "domain": "Information Technology",
      "connections": 225,
      "mentees": 288
    },
    {
      "id": 1271,
      "name": "Gay Francis",
      "domain": "Information Technology",
      "connections": 213,
      "mentees": 288
    },
    {
      "id": 1272,
      "name": "Blanchard Sandoval",
      "domain": "Information Technology",
      "connections": 248,
      "mentees": 249
    },
    {
      "id": 1273,
      "name": "Cecelia Hartman",
      "domain": "Information Technology",
      "connections": 232,
      "mentees": 291
    },
    {
      "id": 1274,
      "name": "Rhoda Townsend",
      "domain": "Information Technology",
      "connections": 245,
      "mentees": 281
    },
    {
      "id": 1275,
      "name": "Dixon Monroe",
      "domain": "Information Technology",
      "connections": 266,
      "mentees": 259
    },
    {
      "id": 1276,
      "name": "Jeanne Carson",
      "domain": "Information Technology",
      "connections": 222,
      "mentees": 214
    },
    {
      "id": 1277,
      "name": "Lindsay Maxwell",
      "domain": "Information Technology",
      "connections": 243,
      "mentees": 234
    },
    {
      "id": 1278,
      "name": "Talley Contreras",
      "domain": "Information Technology",
      "connections": 214,
      "mentees": 250
    },
    {
      "id": 1279,
      "name": "Stacey Kline",
      "domain": "Information Technology",
      "connections": 297,
      "mentees": 233
    },
    {
      "id": 1280,
      "name": "Myra Acosta",
      "domain": "Information Technology",
      "connections": 204,
      "mentees": 247
    },
    {
      "id": 1281,
      "name": "Reva Malone",
      "domain": "Information Technology",
      "connections": 293,
      "mentees": 242
    },
    {
      "id": 1282,
      "name": "Herrera Fernandez",
      "domain": "Information Technology",
      "connections": 245,
      "mentees": 232
    },
    {
      "id": 1283,
      "name": "Day Crawford",
      "domain": "Information Technology",
      "connections": 240,
      "mentees": 274
    },
    {
      "id": 1284,
      "name": "Bailey Thornton",
      "domain": "Information Technology",
      "connections": 253,
      "mentees": 288
    },
    {
      "id": 1285,
      "name": "Terrie Vaughn",
      "domain": "Information Technology",
      "connections": 210,
      "mentees": 233
    },
    {
      "id": 1286,
      "name": "Gilmore Mclaughlin",
      "domain": "Information Technology",
      "connections": 220,
      "mentees": 282
    },
    {
      "id": 1287,
      "name": "Dickson Lambert",
      "domain": "Information Technology",
      "connections": 231,
      "mentees": 221
    },
    {
      "id": 1288,
      "name": "Gardner Mccullough",
      "domain": "Information Technology",
      "connections": 297,
      "mentees": 265
    },
    {
      "id": 1289,
      "name": "Davenport Clemons",
      "domain": "Information Technology",
      "connections": 216,
      "mentees": 234
    },
    {
      "id": 1290,
      "name": "Ashlee Cote",
      "domain": "Information Technology",
      "connections": 217,
      "mentees": 211
    },
    {
      "id": 1291,
      "name": "Brenda Lester",
      "domain": "Information Technology",
      "connections": 208,
      "mentees": 250
    },
    {
      "id": 1292,
      "name": "Pamela Rodriquez",
      "domain": "Information Technology",
      "connections": 246,
      "mentees": 208
    },
    {
      "id": 1293,
      "name": "Josefina Dalton",
      "domain": "Information Technology",
      "connections": 231,
      "mentees": 278
    },
    {
      "id": 1294,
      "name": "Melton Gomez",
      "domain": "Information Technology",
      "connections": 206,
      "mentees": 295
    },
    {
      "id": 1295,
      "name": "Leon Hoover",
      "domain": "Information Technology",
      "connections": 270,
      "mentees": 294
    },
    {
      "id": 1296,
      "name": "Cornelia Lawson",
      "domain": "Information Technology",
      "connections": 267,
      "mentees": 250
    },
    {
      "id": 1297,
      "name": "Malone Donaldson",
      "domain": "Information Technology",
      "connections": 280,
      "mentees": 227
    },
    {
      "id": 1298,
      "name": "Arnold Barrett",
      "domain": "Information Technology",
      "connections": 292,
      "mentees": 289
    },
    {
      "id": 1299,
      "name": "Lina Jordan",
      "domain": "Information Technology",
      "connections": 276,
      "mentees": 220
    },
    {
      "id": 1300,
      "name": "Peterson Mccoy",
      "domain": "Information Technology",
      "connections": 205,
      "mentees": 299
    },
    {
      "id": 1301,
      "name": "Lynn Hogan",
      "domain": "Information Technology",
      "connections": 244,
      "mentees": 220
    },
    {
      "id": 1302,
      "name": "Ramirez Emerson",
      "domain": "Information Technology",
      "connections": 284,
      "mentees": 203
    },
    {
      "id": 1303,
      "name": "Gilda Fisher",
      "domain": "Information Technology",
      "connections": 212,
      "mentees": 205
    },
    {
      "id": 1304,
      "name": "Wallace Booth",
      "domain": "Information Technology",
      "connections": 287,
      "mentees": 235
    },
    {
      "id": 1305,
      "name": "Kimberly Delaney",
      "domain": "Information Technology",
      "connections": 270,
      "mentees": 207
    },
    {
      "id": 1306,
      "name": "Linda Hall",
      "domain": "Information Technology",
      "connections": 221,
      "mentees": 256
    },
    {
      "id": 1307,
      "name": "Sarah Sanders",
      "domain": "Information Technology",
      "connections": 219,
      "mentees": 281
    },
    {
      "id": 1308,
      "name": "Vaughn Barron",
      "domain": "Information Technology",
      "connections": 259,
      "mentees": 282
    },
    {
      "id": 1309,
      "name": "Ellis Vincent",
      "domain": "Information Technology",
      "connections": 277,
      "mentees": 210
    },
    {
      "id": 1310,
      "name": "Barbra Petersen",
      "domain": "Information Technology",
      "connections": 206,
      "mentees": 230
    },
    {
      "id": 1311,
      "name": "Roy Barton",
      "domain": "Information Technology",
      "connections": 250,
      "mentees": 268
    },
    {
      "id": 1312,
      "name": "Selma Campos",
      "domain": "Information Technology",
      "connections": 256,
      "mentees": 237
    },
    {
      "id": 1313,
      "name": "Harper Dodson",
      "domain": "Information Technology",
      "connections": 213,
      "mentees": 253
    },
    {
      "id": 1314,
      "name": "Kari Pratt",
      "domain": "Information Technology",
      "connections": 237,
      "mentees": 212
    },
    {
      "id": 1315,
      "name": "Daniel Sanchez",
      "domain": "Information Technology",
      "connections": 261,
      "mentees": 215
    },
    {
      "id": 1316,
      "name": "Morton Tate",
      "domain": "Information Technology",
      "connections": 288,
      "mentees": 285
    },
    {
      "id": 1317,
      "name": "Weber Workman",
      "domain": "Information Technology",
      "connections": 287,
      "mentees": 265
    },
    {
      "id": 1318,
      "name": "Robyn Boone",
      "domain": "Information Technology",
      "connections": 255,
      "mentees": 267
    },
    {
      "id": 1319,
      "name": "Aida Justice",
      "domain": "Information Technology",
      "connections": 253,
      "mentees": 259
    },
    {
      "id": 1320,
      "name": "Florine Cross",
      "domain": "Information Technology",
      "connections": 224,
      "mentees": 213
    },
    {
      "id": 1321,
      "name": "Wood Levine",
      "domain": "Information Technology",
      "connections": 217,
      "mentees": 263
    },
    {
      "id": 1322,
      "name": "Angelique Bray",
      "domain": "Information Technology",
      "connections": 212,
      "mentees": 298
    },
    {
      "id": 1323,
      "name": "Anastasia Martinez",
      "domain": "Information Technology",
      "connections": 286,
      "mentees": 280
    },
    {
      "id": 1324,
      "name": "Rodriguez Lopez",
      "domain": "Information Technology",
      "connections": 289,
      "mentees": 271
    },
    {
      "id": 1325,
      "name": "Patricia Huffman",
      "domain": "Information Technology",
      "connections": 220,
      "mentees": 219
    },
    {
      "id": 1326,
      "name": "Mcmahon Mccarty",
      "domain": "Information Technology",
      "connections": 294,
      "mentees": 243
    },
    {
      "id": 1327,
      "name": "Etta Mooney",
      "domain": "Information Technology",
      "connections": 284,
      "mentees": 223
    },
    {
      "id": 1328,
      "name": "Oneal Bruce",
      "domain": "Information Technology",
      "connections": 228,
      "mentees": 299
    }
  ],
  "pageSizes": [
    {
      "name": "10"
    },
    {
      "name": "20"
    },
    {
      "name": "50"
    },
    {
      "name": "100"
    }
  ],
  "newRequests": [
    {
      "name": "Luke Cage",
      "domain": "Information Technology",
      "designation": "Web Developer",
      "exp": 7
    },
    {
      "name": "Jessica Jones",
      "domain": "Communicaiton",
      "designation": "Public Relation",
      "exp": 7
    },
    {
      "name": "Crhis Roxy",
      "domain": "Information Technology",
      "designation": "Database Admin",
      "exp": 3
    }
  ],
  "rejectedRequests": [
    {
      "id": 1209,
      "name": "Hurley Eaton",
      "domain": "Information Technology",
      "connections": 243,
      "mentees": 287
    },
    {
      "id": 1210,
      "name": "Cabrera Lucas",
      "domain": "Information Technology",
      "connections": 277,
      "mentees": 280
    },
    {
      "id": 1211,
      "name": "Martha Hawkins",
      "domain": "Information Technology",
      "connections": 250,
      "mentees": 296
    }
  ],
  "mailInvitations": [
    {
      "name": "Larry Page",
      "domain": "Information Technology",
      "status": "REJECTED"
    },
    {
      "name": "Sergey Brin",
      "domain": "Information Technology",
      "status": "REJECTED"
    },
    {
      "name": "Jeff Bezos",
      "domain": "Information Technology",
      "status": "WAITING"
    },
    {
      "name": "Lukas Loire",
      "domain": "Information Technology",
      "status": "REJECTED"
    },
    {
      "name": "Mark Hopus",
      "domain": "Information Technology",
      "status": "WAITING"
    },
    {
      "name": "Lukas Loire",
      "domain": "Information Technology",
      "status": "REJECTED"
    },
    {
      "name": "Mark Hopus",
      "domain": "Information Technology",
      "status": "WAITING"
    },
    {
      "name": "Lukas Loire",
      "domain": "Information Technology",
      "status": "REJECTED"
    }
  ],
  "mentorsList": [
    {
      "id": 1,
      "image": "/assets/i/user/user-2.jpg",
      "name": "George Clooney",
      "title": "Senior Web Programmer",
      "checked": false
    },
    {
      "id": 2,
      "image": "/assets/i/user/user-3.jpg",
      "name": "Hela Hemingway",
      "title": "Senior Database Engineer",
      "checked": false
    },
    {
      "id": 3,
      "image": "/assets/i/user/user-4.jpg",
      "name": "Katniss Everdeen",
      "title": "Senior Web Designer",
      "checked": false
    },
    {
      "id": 4,
      "image": "/assets/i/user/user-5.jpg",
      "name": "Adam Smith",
      "title": "Senior Web Programmer",
      "checked": false
    },
    {
      "id": 5,
      "image": "/assets/i/user/user-6.jpg",
      "name": "Hamonangan Harahap",
      "title": "Senior Web Programmer",
      "checked": false
    },
    {
      "id": 6,
      "image": "/assets/i/user/user-6.jpg",
      "name": "Ben Kingsley",
      "title": "Senior Web Developer",
      "checked": false
    }
  ],
  "categoryDropDown": [
    {
      "name": "Category"
    },
    {
      "name": "Category 1"
    },
    {
      "name": "Category 2"
    }
  ],
  "learningDropDown": {
    "Category": [
      {
        "name": "Learning Areas"
      }
    ],
    "Category 1": [
      {
        "name": "Learning Areas"
      },
      {
        "name": "Learning Areas 1"
      },
      {
        "name": "Learning Areas 2"
      }
    ],
    "Category 2": [
      {
        "name": "Learning Areas"
      },
      {
        "name": "Learning Areas 3"
      },
      {
        "name": "Learning Areas 4"
      }
    ]
  }
}
