{
  "rows": [
    {
      "type": "Programming",
      "title": "Learn Javascript",
      "mentor": 54,
      "mentee": 150,
      "connection": 232,
      "duration": 25,
      "remainder": 10,
      "feedback": 5,
      "pending": "-",
      "new": "-"
    },
    {
      "type": "Programming",
      "title": "Data Science",
      "mentor": 34,
      "mentee": 121,
      "connection": 172,
      "duration": 25,
      "remainder": 10,
      "feedback": 5,
      "pending": "3",
      "new": "5"
    },
    {
      "type": "communications",
      "title": "Data Science",
      "mentor": 54,
      "mentee": 198,
      "connection": 87,
      "duration": 25,
      "remainder": 10,
      "feedback": 5
    },
    {
      "type": "Language",
      "title": "Arabic",
      "mentor": 44,
      "mentee": 67,
      "connection": 52,
      "duration": 25,
      "remainder": 10,
      "feedback": 5
    },
    {
      "type": "Accounting",
      "title": "Microsoft Dynamic",
      "mentor": 46,
      "mentee": 175,
      "connection": 201,
      "duration": 25,
      "remainder": 10,
      "feedback": 5
    },
    {
      "type": "Programming",
      "title": "Data Science",
      "mentor": 34,
      "mentee": 121,
      "connection": 172,
      "duration": 25,
      "remainder": 10,
      "feedback": 5
    },
    {
      "type": "communications",
      "title": "Public Speaking",
      "mentor": 54,
      "mentee": 198,
      "connection": 87,
      "duration": 25,
      "remainder": 10,
      "feedback": 5
    },
    {
      "type": "Language",
      "title": "Arabic",
      "mentor": 44,
      "mentee": 67,
      "connection": 52,
      "duration": 25,
      "remainder": 10,
      "feedback": 5
    },
    {
      "type": "Accounting",
      "title": "Microsoft Dynamic",
      "mentor": 46,
      "mentee": 175,
      "connection": 201,
      "duration": 25,
      "remainder": 10,
      "feedback": 5
    },
    {
      "type": "Programming",
      "title": "Data Science",
      "mentor": 34,
      "mentee": 121,
      "connection": 172,
      "duration": 25,
      "remainder": 10,
      "feedback": 5
    },
    {
      "type": "communications",
      "title": "Public Speaking",
      "mentor": 54,
      "mentee": 198,
      "connection": 87,
      "duration": 25,
      "remainder": 10,
      "feedback": 5
    },
    {
      "type": "Language",
      "title": "Arabic",
      "mentor": 44,
      "mentee": 67,
      "connection": 52,
      "duration": 25,
      "remainder": 10,
      "feedback": 5
    }
  ]
}
