{
  "admins": [
    {
      "name": "Benicia del tori",
      "designation": "Analytics",
      "status": "ONLINE",
      "image": "/assets/i/user/user-large-8.png"
    },
    {
      "name": "Lucia Rareglove",
      "designation": "Mortgages",
      "status": "ONLINE",
      "image": "/assets/i/user/user-large-11.png"
    },
    {
      "name": "Lina Inverse",
      "designation": "Analytics",
      "status": "OFFLINE",
      "image": "/assets/i/user/user-large-2.png"
    },
    {
      "name": "Mary Magdalene",
      "designation": "Analytics",
      "status": "OFFLINE",
      "image": "/assets/i/user/user-large-12.png"
    },
    {
      "name": "Clint Burton",
      "designation": "Product Development",
      "status": "AWAY",
      "image": "/assets/i/user/user-large-14.png"
    },
    {
      "name": "Lucius Fox",
      "designation": "Product Development",
      "status": "AWAY",
      "image": "/assets/i/user/user-large-13.png"
    },
    {
      "name": "Maraghy H.",
      "designation": "Forestry",
      "status": "ONLINE",
      "image": "/assets/i/user/user-large-3.png"
    }
  ],
  "activity": [
    {
      "image": "/assets/i/user/user-15.jpg",
      "content": "Create <span class='green-text'>Physic</span> learning area",
      "time": "25 Minutes ago"
    },
    {
      "image": "/assets/i/user/user-17.jpg",
      "content": "Edit <span class='blue-text'>Lex Luthor</span> profile",
      "time": "25 Minutes ago"
    },
    {
      "image": "/assets/i/user/user-19.jpg",
      "content": "Closed <span class='blue-text'>2 connections</span>",
      "time": "25 Minutes ago"
    },
    {
      "image": "/assets/i/user/user-20.jpg",
      "content": "Closed <span class='blue-text'>2 connections</span>",
      "time": "25 Minutes ago"
    },
    {
      "image": "/assets/i/user/user-15.jpg",
      "content": "Create <span class='green-text'>Physic</span> learning area",
      "time": "25 Minutes ago"
    },
    {
      "image": "/assets/i/user/user-17.jpg",
      "content": "Edit <span class='blue-text'>Lex Luthor</span> profile",
      "time": "25 Minutes ago"
    },
    {
      "image": "/assets/i/user/user-19.jpg",
      "content": "Remove <span class='blue-text'>2 mentors</span>",
      "time": "25 Minutes ago"
    },
    {
      "image": "/assets/i/user/user-20.jpg",
      "content": "Closed <span class='blue-text'>2 connections</span>",
      "time": "25 Minutes ago"
    },
    {
      "image": "/assets/i/user/user-15.jpg",
      "content": "Create <span class='green-text'>Physic</span> learning area",
      "time": "25 Minutes ago"
    },
    {
      "image": "/assets/i/user/user-17.jpg",
      "content": "Edit <span class='blue-text'>Lex Luthor</span> profile",
      "time": "25 Minutes ago"
    },
    {
      "image": "/assets/i/user/user-19.jpg",
      "content": "Closed <span class='blue-text'>2 connections</span>",
      "time": "25 Minutes ago"
    }
  ],
  "businessLineDropDown": [
    {
      "name": "Choose"
    },
    {
      "name": "Analytics"
    },
    {
      "name": "Business Line 1"
    }
  ],
  "categoryDropDown": [
    {
      "name": "Choose"
    },
    {
      "name": "Data Visualization"
    },
    {
      "name": "Category 1"
    }
  ],
  "learningAreasDropDown": {
    "Choose": [
      {
        "name": "Choose"
      }
    ],
    "Data Visualization": [
      {
        "name": "Choose"
      },
      {
        "name": "Tableau"
      },
      {
        "name": "Learning Areas 1"
      }
    ],
    "Category 1": [
      {
        "name": "Choose"
      },
      {
        "name": "Category LA"
      },
      {
        "name": "Category LA 1"
      }
    ]
  },
  "member": {
    "image": "/assets/i/user/user-11.jpg",
    "name": "Jordan Belford",
    "title": "Senior Web Developer"
  }
}
